{"cameraMode":{"drawMode":0,"name":"Shaded","section":"Shading Mode"},"sceneLighting":true,"audioPlay":false,"sceneViewState":{"showFog":true,"showMaterialUpdate":false,"showSkybox":true,"showFlares":true,"showImageEffects":true,"showParticleSystems":true},"in2DMode":false,"pivot":{"x":-5.325500965118408,"y":-44.721839904785159,"z":23.120418548583986},"rotation":{"x":0.021886687725782396,"y":-0.6304463744163513,"z":0.7757202982902527,"w":0.017789212986826898},"size":56.280128479003909,"orthographic":false}